{
  "disabled": false,
  "bindings": [
    {
      "authLevel": "function",
      "type": "httpTrigger",
      "direction": "in",
      "name": "req",
      "methods": [
        "get",
        "delete"
      ],
      "route": "order/{id}"
    },
    {
      "type": "http",
      "direction": "out",
      "name": "res"
    },
    {
      "name": "inputDocument",
      "type": "CosmosDB",
      "direction": "in",
      "id" : "{id}",
      "partitionKey": "ORDER",
      "databaseName": "Azreactless",
      "collectionName": "Azreactless",
      "connectionStringSetting": "Cosmos_CRUD"
    },
    {
      "name": "outputDocument",
      "type": "CosmosDB",
      "direction": "out",
      "createIfNotExists": true,
      "databaseName": "Azreactless",
      "collectionName": "Azreactless",
      "connectionStringSetting": "Cosmos_CRUD"
    }
  ]
}